{"cameraMode":{"drawMode":0,"name":"Shaded","section":"Shading Mode"},"sceneLighting":true,"audioPlay":false,"sceneViewState":{"showFog":true,"showMaterialUpdate":true,"showSkybox":true,"showFlares":true,"showImageEffects":true,"showParticleSystems":true},"in2DMode":false,"pivot":{"x":-0.3699989318847656,"y":0.8199996948242188,"z":-2.7099990844726564},"rotation":{"x":0.15827718377113343,"y":-0.2636638581752777,"z":0.04390396177768707,"w":0.9505273103713989},"size":11.751418113708496,"orthographic":true}