{"cameraMode":{"drawMode":0,"name":"Shaded","section":"Shading Mode"},"sceneLighting":true,"audioPlay":false,"sceneViewState":{"showFog":true,"showMaterialUpdate":true,"showSkybox":true,"showFlares":true,"showImageEffects":true,"showParticleSystems":true},"in2DMode":false,"pivot":{"x":-0.3699989318847656,"y":0.8199996948242188,"z":-2.7099990844726564},"rotation":{"x":0.19082243740558625,"y":-0.0023541334085166456,"z":0.0004583431873470545,"w":0.9816216230392456},"size":26.33644676208496,"orthographic":true}